Title,Reference,Company,Experience,Salary,Location,Job Description,Skills Required,Posted Date,Duration
Python Flask Developer,https://www.naukri.com/job-listings-python-flask-developer-techno-softwares-jaipur-0-to-1-years-310823500162,Techno Softwares,0-1 Yrs,Not disclosed,Jaipur,". Bachelors degree in computer science, engineering, or a related field . 0-1 years of ...","['Front end', 'Version control', 'GIT', 'Django', 'Web development', 'Javascript', 'HTML', 'Python']",3 Days Ago,N/A
Data Extraction Engineer- Python,https://www.naukri.com/job-listings-data-extraction-engineer-python-relu-consultancy-bhopal-madhya-pradesh-0-to-5-years-020923000077,Relu Consultancy,0-5 Yrs,4-6 Lacs PA,Remote,- Conduct web scraping using Python frameworks. - Work with various databases and RESTf...,"['Python', 'Automation', 'Scrapy', 'Django Rest Api', 'Api Integration', 'Data Extraction', 'Selenium', 'Web Scraping']",1 Day Ago,N/A
Python Intern,https://www.naukri.com/job-listings-python-intern-docsumo-mumbai-0-to-0-years-010923501814,Docsumo,N/A,Unpaid,Mumbai,N/A,[''],Starts in 1-3 months,No fixed duration
Trainee Software Developer,https://www.naukri.com/job-listings-trainee-software-developer-quickxpert-infotech-thane-navi-mumbai-mumbai-all-areas-0-to-3-years-230820000365,Quickxpert Infotech,0-3 Yrs,Not disclosed,"Thane, Navi Mumbai, Mumbai (All Areas)","Our clients are looking for trainee software developers in java, dotnet, python and web...","['Web Designing', 'SQL', 'fresher', 'html', 'C++', 'CSS', 'C', 'trainee']",3 Days Ago,N/A
Associate Software Developer,https://www.naukri.com/job-listings-associate-software-developer-westzone-software-chennai-tamil-nadu-0-to-1-years-030923002235,Westzone Software,0-1 Yrs,2.5-4 Lacs PA,"Hybrid - Chennai, Tamil Nadu","Preferred candidate profile Were seeking a candidate with 0-1 years of experience, skil...","['python', 'java', 'MySQL', 'Angularjs', 'Oracle SQL', 'Typescript', 'Django', 'Spring Boot']",Few Hours Ago,N/A
"Software Engineer, developer / Programmer, 2023 graduate Can also appl",https://www.naukri.com/job-listings-software-engineer-developer-programmer-2023-graduate-can-also-appl-creative-hands-hr-nagpur-maharashtra-pune-maharashtra-mumbai-all-areas-0-to-2-years-010923005747,Creative Hands HR,0-2 Yrs,5-7 Lacs PA,"Nagpur, Maharashtra, Pune, Maharashtra, Mumbai (All Areas)","Software Programmer / Developer Qualification- Diploma, BE / BTech IT, CSE, BCA, MCA, B...","['freshers', 'Software Engineering', 'software developer', 'c++', 'python', 'c', 'dotnet', 'software testing']",2 Days Ago,N/A
Software Engineer And Developer,https://www.naukri.com/job-listings-software-engineer-and-developer-madugai-info-tech-chennai-coimbatore-tamil-nadu-bangalore-bengaluru-0-to-5-years-030923002424,Madugai Info Tech,0-5 Yrs,2-7 Lacs PA,"Chennai, Coimbatore, Tamil Nadu, Bangalore/Bengaluru","Job descriptionBasic programming knowledge of Java, Dotnet, Python, C++, and Javascript...","['python', 'java', 'aws cloud', '.net', 'php', 'c++', 'troubleshooting', 'software engineering']",Just Now,N/A
Python Trainee,https://www.naukri.com/job-listings-python-trainee-quickxpert-infotech-mumbai-suburban-maharashtra-thane-navi-mumbai-kalyan-dombivli-maharashtra-mumbai-all-areas-0-to-5-years-250820004417,Quickxpert Infotech,0-5 Yrs,Not disclosed,"Mumbai Suburban, Maharashtra, Thane, Navi Mumbai, Kalyan/ Dombivli, Maharashtra, Mumbai (All Areas)",Our Client is Looking for Python Trainees for our clients. If interseted apply on naukr...,"['Python', 'bca', 'C++', 'CSS', 'C', 'bsc it', 'HTML', 'mca']",Today,N/A
Software Developer,https://www.naukri.com/job-listings-software-developer-cloudpath-infotech-llp-vijayawada-andhra-pradesh-visakhapatnam-vizag-andhra-pradesh-hyderabad-secunderabad-telangana-0-to-2-years-310823007801,Cloudpath Infotech Llp,0-2 Yrs,2.5-4 Lacs PA,"Vijayawada, Andhra Pradesh, Visakhapatnam/ Vizag, Andhra Pradesh, Hyderabad/ Secunderabad, Telangana",Other IT Related works. We prefer Male Candidates from Nearby LocationsPreferred candid...,"['python', 'java', 'full stack', 'spring', 'software development', 'html', 'mysql', 'Development']",3 Days Ago,N/A
"Software Trainee, Software Developer, Software Tester",https://www.naukri.com/job-listings-software-trainee-software-developer-software-tester-quickxpert-infotech-navi-mumbai-maharashtra-pune-mumbai-all-areas-0-to-4-years-200722006881,Quickxpert Infotech,0-4 Yrs,Not disclosed,"Navi Mumbai, Maharashtra, Pune, Mumbai (All Areas)",Our Client MarriageOnix.com is looking for Software Engineers in multiple technologies....,"['c++', 'software testing', 'HTML', 'SQL', 'java', 'bba', 'CSS', 'C']",3 Days Ago,N/A
Senior Java developers,https://www.naukri.com/job-listings-senior-java-developers-high-radius-hyderabad-secunderabad-0-to-5-years-010923004172,Highradius,0-5 Yrs,Not disclosed,Hyderabad/Secunderabad,Bachelor s Degree required in Computers. Experience Range : 5 to 10 years. Technology S...,"['c++', 'web services', 'java development', 'do', 'hibernate', 'vhdl', 'scalability', 'sql']",2 Days Ago,N/A
Full Stack Developer Programming Internship,https://www.naukri.com/job-listings-full-stack-developer-programming-internship-rock-solid-solutions-mumbai-0-to-0-years-010923003255,Rock Solid Solutions,0-0 Yrs,Not disclosed,Mumbai(Veera Desai Road),1 yr software programming paid internship opportunity Opportunity to apply your softwar...,"['IT Software - Programming', 'ROLE Intern', 'Fresher', 'Full Stack', 'Programming', 'Stack', 'Software', 'Development']",2 Days Ago,N/A
Embedded Software Developer (Jr. Engineer),https://www.naukri.com/job-listings-embedded-software-developer-jr-engineer-gladwin-techgen-new-delhi-delhi-0-to-5-years-020923005291,Gladwin Techgen,0-5 Yrs,4-7 Lacs PA,"New Delhi, Delhi(Mayapuri)","Role & responsibilities Sw Development, Test, Lead, QA Preferred candidate profile Cons...","['C++', 'Programming', 'Embedded Software', 'Coding', 'Mqtt', 'Java', 'C', 'Device Drivers']",1 Day Ago,N/A
Junior Data Scientist,https://www.naukri.com/job-listings-junior-data-scientist-wrtr-ink-llp-bangalore-bengaluru-0-to-2-years-030923002456,Wrtr Ink Llp,0-2 Yrs,4.75-8 Lacs PA,Bangalore/Bengaluru,Experience with SQL for data querying and manipulationPrior experience with data analys...,"['Data Science', 'analytical', 'Pandas', 'numpy', 'Statistics', 'Machine Learning', 'Deep Learning', 'Scikit-Learn']",Just Now,N/A
Content Developer (Aptitude and Programming)_Intern,https://www.naukri.com/job-listings-content-developer-aptitude-and-programming-intern-nxtwave-hyderabad-secunderabad-telangana-0-to-1-years-060723008749,NxtWave,0-1 Yrs,Not disclosed,"Hyderabad/ Secunderabad, Telangana","Giving guidance to people. Stipend: 15k to 25k, based on the performance. Internship Pe...","['Programming And Apptitude', 'Java', 'Web Technologies', 'Aptitude and Training', 'Python', 'SQL', 'Program', 'Development']",1 Day Ago,N/A
Big Data Engineer,https://www.naukri.com/job-listings-big-data-engineer-prishatech-india-opc-mumbai-all-areas-0-to-2-years-310823003601,Prishatech India Opc,0-2 Yrs,Not disclosed,Mumbai (All Areas)(Bandra Kurla Complex),Great Opportunity For Freshers In IT Domain!!!!! Position:- Big Data Fresher Location:-...,"['Hadoop', 'Big Data', 'Hive', 'SCALA', 'Spark', 'Python', 'Data']",3 Days Ago,N/A
Data Scientist,https://www.naukri.com/job-listings-data-scientist-yulu-bike-bangalore-bengaluru-0-to-2-years-310823500849,Yulu Bikes,0-2 Yrs,Not disclosed,Bangalore/Bengaluru,Solving problems using statistical programming languages like Python / R to draw insigh...,"['Mining', 'Supply chain', 'Statistical programming', 'Data analysis', 'Machine learning', 'Data collection', 'Forecasting', 'Operations']",3 Days Ago,N/A
Device Driver Developer - Fresher,https://www.naukri.com/job-listings-device-driver-developer-fresher-option-matrix-hyderabad-secunderabad-0-to-1-years-310823008559,Option Matrix,0-1 Yrs,5-6 Lacs PA,Hyderabad/Secunderabad,"Preferably PCIe / CXL/NVMe, for Linux / WindowsWe are looking for 10 device driver deve...","['Device Driver Development', 'Linux Kernel Programming', 'C++', 'ARM', 'Python', 'Development', 'Devices', 'Drives']",3 Days Ago,N/A
ESS System Simulation & Analysis engineer,https://www.naukri.com/job-listings-ess-system-simulation-analysis-engineer-kgisl-bangalore-bengaluru-0-to-3-years-310823500077,KG Information Systems (KGISL),0-3 Yrs,Not disclosed,Bangalore/Bengaluru,Within the simulation team you will gather needs from simulation users and lead discuss...,"['model validation', 'Simulation', 'Thermal engineering', 'Analytical', 'thermal', 'Simulink', 'Customer experience', 'MATLAB']",3 Days Ago,N/A
Salesforce CPQ Technical Lead/Senior Developer,https://www.naukri.com/job-listings-salesforce-cpq-technical-lead-senior-developer-ness-digital-engineering-nagpur-0-to-3-years-030923002197,Ness,0-3 Yrs,Not disclosed,Nagpur,"Bachelors degree in Computer Science. ., Information Technology, or a related field - 5...","['lightning', 'execution', 'visualforce', 'rest', 'development', 'salesforce platform', 'cpq', 'customization']",Few Hours Ago,N/A
Diagnostic engineer and Test developer,https://www.naukri.com/job-listings-diagnostic-engineer-and-test-developer-kgisl-bangalore-bengaluru-0-to-3-years-310823500094,KG Information Systems (KGISL),0-3 Yrs,Not disclosed,Bangalore/Bengaluru,The position holder will be responsible for developing test operations/assembly verific...,"['Product quality', 'Diagnostics', 'Production engineering', 'Manufacturing quality', 'Electronics', 'Manager Quality Control', 'Management', 'Automotive']",3 Days Ago,N/A
Sr Java C++ Backend Developer,https://www.naukri.com/job-listings-sr-java-c-backend-developer-ness-digital-engineering-mumbai-0-to-3-years-310823006162,Ness,0-3 Yrs,Not disclosed,Mumbai,"Preferred Qualifications :.- Masters degree in Computer Science, Computer Engineering o...","['c++', 'hibernate', 'sql', 'spring', 'coding', 'java', 'design patterns', 'oops']",3 Days Ago,N/A
"Web Designer, Web Developer, Web Developer Trainee",https://www.naukri.com/job-listings-web-designer-web-developer-web-developer-trainee-quickxpert-infotech-mumbai-thane-pune-0-to-5-years-110920000019,Quickxpert Infotech,0-5 Yrs,"80,000-2.75 Lacs PA","Mumbai, Thane, Pune",We have immediate opening for web developer trainees with our clients. Interested candi...,"['Web Designer', 'bootstrap', 'PHP', 'css', 'C++', 'C', 'PHP Trainee', 'html5']",Today,N/A
"Web Developer, Web Desinging",https://www.naukri.com/job-listings-web-developer-web-desinging-quickxpert-infotech-mumbai-suburban-maharashtra-thane-navi-mumbai-kalyan-dombivli-maharashtra-mumbai-all-areas-0-to-5-years-010922000164,Quickxpert Infotech,0-5 Yrs,Not disclosed,"Mumbai Suburban, Maharashtra, Thane, Navi Mumbai, Kalyan/ Dombivli, Maharashtra, Mumbai (All Areas)",Our Client is looking for Web Developers. Intersted candidates can apply on Naukri. Don...,"['CSS', 'HTML', 'Web Designing', 'Web Development', 'MySQL', 'Javascript', 'PHP', 'JQuery']",Today,N/A
Senior Php Wordpress Developer,https://www.naukri.com/job-listings-senior-php-wordpress-developer-elettra-tech-pvt-ltd-pondicherry-puducherry-puducherry-chennai-tamil-nadu-bangalore-bengaluru-karnataka-0-to-2-years-020923007182,Elettra Tech,0-2 Yrs,Not disclosed,"Pondicherry/ Puducherry, Puducherry, Chennai, Tamil Nadu, Bangalore/ Bengaluru, Karnataka","Desired profile Looking for a PHP Developer with capability to develop, test & deploy f...","['Wordpress Plugin Development', 'Php Development', 'Frontend Development', 'Mysql Database', 'Backend Development', 'MySQL', 'Senior', 'Development']",1 Day Ago,N/A
Software Developer (Java Developer),https://www.naukri.com/job-listings-software-developer-java-developer-optiontown-new-delhi-0-to-1-years-121122007516,Optiontown,0-1 Yrs,2-4 Lacs PA,New Delhi(Rani Bagh),"Knowledge of Core Java, J2EE, XML, HTML and Web relevant technologies. Experience of wo...","['core java', 'Advanced Java', 'Coding', 'JSP', 'design', 'Development', 'Struts', 'J2ee']",2 Days Ago,N/A
Software Developer,https://www.naukri.com/job-listings-software-developer-manpower-service-chennai-tamil-nadu-0-to-2-years-010923009442,Manpower Service,0-2 Yrs,Not disclosed,"Chennai, Tamil Nadu","Vacancy for Software Developers at Chennai Designation - Java, Python, Sql, UI / UX, We...","['Java', 'BCA', 'ui developer', 'Php Development', 'MCA', 'IT', 'IOS', 'Android']",2 Days Ago,N/A
BlackBerry QNX - Systems Software Developer I,https://www.naukri.com/job-listings-blackberry-qnx-systems-software-developer-i-research-in-motion-hyderabad-secunderabad-0-to-3-years-310823501278,Research In Motion,0-3 Yrs,Not disclosed,Hyderabad/Secunderabad,"Hands on experience of system programming in embedded systems (such as board bring up, ...","['RTOS', 'Graphics', 'Performance tuning', 'C++', 'Blackberry', 'Linux', 'USB', 'Firmware']",3 Days Ago,N/A
Software Developer,https://www.naukri.com/job-listings-software-developer-mothercode-software-system-chennai-0-to-1-years-310823004938,Mothercode Software System,0-1 Yrs,1-1.25 Lacs PA,Chennai,Role & responsibilities software developerPreferred candidate profile BE.with knowledge...,"['c++', 'software development', 'java', 'Development', 'Software']",3 Days Ago,N/A
"Java Trainee, Java Developer",https://www.naukri.com/job-listings-java-trainee-java-developer-quickxpert-infotech-mumbai-suburban-thane-mumbai-all-areas-0-to-5-years-250322010307,Quickxpert Infotech,0-5 Yrs,Not disclosed,"Mumbai Suburban, Thane, Mumbai (All Areas)",We have immediate openings for Java Trainees with out clients. Interested candidates ca...,"['C++', 'java developer', 'SQL', 'java', 'css', 'Java Script Ajax', 'Programming', 'Web Designing']",3 Days Ago,N/A
Associate UI Developer,https://www.naukri.com/job-listings-associate-ui-developer-media-net-mumbai-all-areas-0-to-0-years-310823008008,Media.net,N/A,4-4.5 Lacs PA,Mumbai (All Areas),Designation: Associate UI DeveloperInterview mode: walk-inDate and timing: 5th of Septe...,"['CSS', 'html', 'javascript', 'UI development', 'Development', 'Cs', 'UI']",3 Days Ago,N/A
Flutter Developer,https://www.naukri.com/job-listings-flutter-developer-krishworks-technology-and-research-labs-bangalore-bengaluru-0-to-1-years-010923009363,Krishworks Technology And Research Labs,0-1 Yrs,4-6 Lacs PA,Bangalore/Bengaluru(Marathahalli),Candidates with knowledge of iOS internals will be preferred.,"['flutter', 'android', 'JSON', 'firebase', 'Dart', 'Rest Api Integration', 'Java', 'coding']",2 Days Ago,N/A
Mean Stack Developer,https://www.naukri.com/job-listings-mean-stack-developer-epicle-solutions-chennai-tamil-nadu-0-to-5-years-020923005351,Epicle Solutions,0-5 Yrs,3-7 Lacs PA,"Chennai, Tamil Nadu","Dear Candidate, We have Immediate Job opening For Mean Stack Developer Experience- 1-7 ...","['node.js', 'Development', 'Mean Stack Development', 'Stack', 'Mean Stack', 'Mean']",1 Day Ago,N/A
Research Intern - Climate Resilience,https://www.naukri.com/job-listings-research-intern-climate-resilience-council-on-energy-environment-and-water-new-delhi-0-to-1-years-010923500535,CEEW,N/A,Unpaid,New Delhi,N/A,[''],Starts : 15th Sep' 23,3 months duration
Junior Front End Developer - Remote (Fresh College Graduates),https://www.naukri.com/job-listings-junior-front-end-developer-remote-fresh-college-graduates-coalition-technologies-hyderabad-secunderabad-ahmedabad-chennai-bangalore-bengaluru-delhi-ncr-mumbai-all-areas-0-to-5-years-090823010464,Coalition Technologies,0-5 Yrs,Not disclosed,"Hybrid - Hyderabad/Secunderabad, Ahmedabad, Chennai, Bangalore/Bengaluru, Delhi / NCR, Mumbai (All Areas)","Prior experience in web design industry (preferred, but not required)","['Html/Css', 'PSD', 'GIT', 'Responsive Web Design', 'Illustrator', 'SVN', 'Photoshop', 'Development']",2 Days Ago,N/A
ASP.Net Developer (ASP.NetMVC/ ASP.Net Core/Angular),https://www.naukri.com/job-listings-asp-net-developer-asp-netmvc-asp-net-core-angular-netcomm-labs-noida-0-to-3-years-020923005203,Netcomm Labs,0-3 Yrs,1.75-5 Lacs PA,Noida,Looking for a Male candidate . Looking for WFO Candidates Only .,"['ASP.Net MVC', 'SQL', 'angular', 'asp.net', 'C#', 'fullstack development', 'web services', 'web application']",1 Day Ago,N/A
Php Developer,https://www.naukri.com/job-listings-php-developer-ornet-technologies-pvt-ltd-navi-mumbai-maharashtra-0-to-2-years-300823006067,ORNET Technologies Pvt. Ltd.,0-2 Yrs,Not disclosed,"Navi Mumbai, Maharashtra","BCS, BE, BCA, B Tech(IT), BSc.IT and all technical fieldsWe are looking for a proactive...","['MySQL', 'PHP', 'php development', 'Core PHP', 'sql', 'software development', 'Laravel', 'Development']",2 Days Ago,N/A
Trainee - Associate UI Developer - Angular,https://www.naukri.com/job-listings-trainee-associate-ui-developer-angular-nekkanti-systems-hyderabad-secunderabad-0-to-0-years-030923002372,Nekkanti Systems,0-0 Yrs,Not disclosed,Hyderabad/Secunderabad,Deep knowledge of Angular practices and commonly used modules based on extensive work e...,"['Angular', 'Development', 'Training', 'UI']",Just Now,N/A
Web Developer,https://www.naukri.com/job-listings-web-developer-vap-technology-pvt-ltd-kolkata-0-to-5-years-020923500943,VAP Technology,0-5 Yrs,Not disclosed,Kolkata,Requirements . A Bachelor s Degree in a field related to Computer Science / Information...,"['Computer science', 'PSD', 'CSS', 'jQuery', 'Wordpress', 'Javascript', 'PHP', 'HTML']",1 Day Ago,N/A
Node Js Developer Intern,https://www.naukri.com/job-listings-node-js-developer-intern-mentorsity-remote-0-to-1-years-010923500973,Mentorsity,N/A,Unpaid,Remote,N/A,[''],Starts in 1-3 months,No fixed duration
PhD Research Scholar - Data Science,https://www.naukri.com/job-listings-phd-research-scholar-data-science-kgisl-bangalore-bengaluru-0-to-2-years-310823500067,KG Information Systems (KGISL),0-2 Yrs,Not disclosed,Bangalore/Bengaluru,You will work in agile teams through good collaboration with our colleagues in software...,"['Research Scholar', 'Automation', 'C++', 'Powertrain', 'data science', 'Simulation', 'Construction equipment', 'Analytics']",3 Days Ago,N/A
Software Engineer - Android Support,https://www.naukri.com/job-listings-software-engineer-android-support-ingenico-group-noida-0-to-2-years-010923501250,Ingenico,0-2 Yrs,Not disclosed,Noida,"Bachelor s Degree in Computer Science, Electronics Engineering, Electrical Engineering ...","['SAS', 'Production support', 'Agile', 'Scrum', 'Troubleshooting', 'Software quality assurance', 'Android', 'Python']",2 Days Ago,N/A
"Trainee (React ,Node JS Developer)",https://www.naukri.com/job-listings-trainee-react-node-js-developer-itcube-solutions-pvt-ltd-pune-maharashtra-0-to-0-years-310823003755,Itcube Solutions,0-0 Yrs,Not disclosed,"Pune, Maharashtra",knowledge in React and Redux Framework Knowledge of Chart binding will be an added adva...,"['node.js', 'material ui', 'React.Js', 'Training', 'Development', 'Javascript', 'Node', 'UI']",3 Days Ago,N/A
ServiceNow Developer,https://www.naukri.com/job-listings-servicenow-developer-service-now-planet-hyderabad-secunderabad-0-to-2-years-310823501422,Service Now Planet,0-2 Yrs,Not disclosed,Hyderabad/Secunderabad,. To be successful in this role you have: . 0-2+ years of experience with Java or a sim...,"['Unix', 'Object oriented design', 'Software design', 'Automation testing', 'Analytical', 'Javascript', 'Data structures', 'Unit testing']",3 Days Ago,N/A
Salesforce Developer,https://www.naukri.com/job-listings-salesforce-developer-swadesh-softwares-pvt-ltd-asansol-0-to-4-years-310823500757,Swadesh Softwares,0-4 Yrs,Not disclosed,Asansol,"Experience in Salesforce CRM Development, CRM Management & Customization . Development ...","['Administration', 'CRM management', 'Management', 'Apex', 'Salesforce CRM', 'Visualforce', 'Sales force development', 'Development']",3 Days Ago,N/A
"SQL Developer, Database Developer, Oracle Developer Openings",https://www.naukri.com/job-listings-sql-developer-database-developer-oracle-developer-openings-marriageonix-mumbai-suburban-thane-mumbai-all-areas-0-to-5-years-220922008927,MarriageOnix,0-5 Yrs,Not disclosed,"Mumbai Suburban, Thane, Mumbai (All Areas)",We are looking for SQL Developer for our clients. Interested candidates can apply on na...,"['sql', 'it engineer', 'bca', 'oracle sql developer', 'oracle', 'sql server developer', 'bsc it', 'mca']",Today,N/A
Firmware Developer,https://www.naukri.com/job-listings-firmware-developer-super-management-consultants-gurgaon-gurugram-haryana-0-to-1-years-050723005527,Super Management Consultants,0-1 Yrs,3-5 Lacs PA,"Gurgaon/ Gurugram, Haryana",1. Work with us and build India's first open EV battery-swapping ecosystem 2. Familiari...,"['RTOS', 'Mqtt', 'I2C', 'Firmware Development', 'Embedded Firmware', 'GSM', 'ESP', 'Communication Protocols']",1 Day Ago,N/A
C++ Developer,https://www.naukri.com/job-listings-c-developer-vehant-technologies-noida-uttar-pradesh-0-to-2-years-020923007196,Vehant Technologies,0-2 Yrs,Not disclosed,"Noida, Uttar Pradesh","C++, Linux, Algorithm, data structure","['C++', 'Algorithms', 'Linux', 'Data Structures', 'Development', 'Data']",1 Day Ago,N/A
Fresher Dot Net / .Net Developer (BTech - IT/BCA/MCA),https://www.naukri.com/job-listings-fresher-dot-net-net-developer-btech-it-bca-mca-elite-hr-services-ahmedabad-0-to-0-years-020923004055,Elite Hr Services,0-0 Yrs,2-2.75 Lacs PA,Ahmedabad,"1. Done project, internship or training in asp.net, c# 2. Good knowledge in html, javas...","['asp.net', 'C#', 'MVC Architecture', 'oop', 'Web Api', 'Webforms', 'ADO.Net', 'OOPS']",1 Day Ago,N/A
Android Developer,https://www.naukri.com/job-listings-android-developer-appsinvo-noida-0-to-5-years-010923008048,Appsinvo,0-5 Yrs,Not disclosed,Noida(Sector-2 Noida),"Proficiency in Kotlin (must) languages to write clear, readable code. Experience with A...","['Android Application Development', 'MVVM', 'SQLite', 'API', 'Kotlin', 'Retrofit', 'Firebase', 'SDK']",2 Days Ago,N/A
Ui Ux Developer,https://www.naukri.com/job-listings-ui-ux-developer-creasophere-tech-pvt-ltd-pimpri-chinchwad-maharashtra-pune-maharashtra-0-to-2-years-010923007578,Creasophere Tech Pvt Ltd,0-2 Yrs,1.75-2.5 Lacs PA,"Pimpri-Chinchwad, Maharashtra, Pune, Maharashtra",You will be responsible for creating engaging and visually appealing user interfaces wh...,"['Ui/Ux', 'User Experience Design', 'UX', 'Interaction Design', 'Development', 'Usage', 'Experience Design']",2 Days Ago,N/A
React JS Developer ( Jaipur Location Only ),https://www.naukri.com/job-listings-react-js-developer-jaipur-location-only-coreteams-jaipur-rajasthan-0-to-1-years-010923007542,Coreteams,0-1 Yrs,1-1.75 Lacs PA,"Jaipur, Rajasthan",Experience with user interface designPrevious experience working as a react.js developer,"['Redux', 'React.Js', 'Javascript', 'Flux', 'Html And Css', 'HTML', 'Development', 'CSS']",2 Days Ago,N/A
Java Developer ( Jaipur location Only ),https://www.naukri.com/job-listings-java-developer-jaipur-location-only-coreteams-softech-pvt-ltd-jaipur-rajasthan-0-to-1-years-010923006455,CoreTeams Softech Pvt. Ltd.,N/A,Unpaid,"Jaipur, Rajasthan",N/A,[''],Starts within 1 month,2 months duration
Java Developer/ Intern / Fresher/ Trainee,https://www.naukri.com/job-listings-java-developer-intern-fresher-trainee-rapportsoft-pune-maharashtra-0-to-1-years-310823905386,Rapportsoft,N/A,Not disclosed,"Pune, Maharashtra",Java Developer/ Intern / Fresher/ Trainee for 2021 - 2023 Passout (Walk-In) Candidate m...,"['Java', 'Java Developer', 'Java Trainee', 'Core Java concept', 'Java technology', 'Core', 'Core Java Programming', 'Technology']",3 Days Ago,N/A
Labview Developer,https://www.naukri.com/job-listings-labview-developer-sofcon-india-noida-uttar-pradesh-new-delhi-delhi-gurgaon-gurugram-haryana-0-to-0-years-310823005281,Sofcon India,0-0 Yrs,Not disclosed,"Noida, Uttar Pradesh, New Delhi, Delhi, Gurgaon/ Gurugram, Haryana",• Knowledge of Labview Programming • Loop & Sequences • Structure & Nodes • Labview Sig...,"['LABVIEW DEVELOPMENT', 'Error Handling', 'Labview', 'NI LabVIEW', 'LABVIEW SIGNAL SIMULATION', 'Simulation', 'Handling', 'Signalling']",3 Days Ago,N/A
Web Developer,https://www.naukri.com/job-listings-web-developer-uv-sankalp-enterprises-mumbai-maharashtra-0-to-2-years-290723004669,UV Sankalp Enterprises,0-2 Yrs,2-2.5 Lacs PA,"Mumbai, Maharashtra",Hiring Web Developer . Basic Understanding of Frontend Technologies Knowledge of OOPs C...,"['HTML5', 'JavaScript', 'Web Development', 'Core PHP', 'CSS3', 'Web Design And Development', 'Bootstrap', 'HTML']",3 Days Ago,N/A
Fresher SQL Developer,https://www.naukri.com/job-listings-fresher-sql-developer-shakti-infosolutions-pvt-ltd-chennai-0-to-3-years-180821010703,Shakti Infosolutions,0-3 Yrs,Not disclosed,Chennai,Freshers with SQL programming knowledge in any database (Sybase/SQL Server/Oracle/MySQL),"['MySQL', 'Oracle', 'SQL', 'Development']",3 Days Ago,N/A
Matlab Developer,https://www.naukri.com/job-listings-matlab-developer-sofcon-india-noida-uttar-pradesh-0-to-1-years-170823005937,Sofcon India,0-1 Yrs,1.75-2.5 Lacs PA,"Noida, Uttar Pradesh","Good Knowledge of Data & Data Flow in Matlab, Editing & Debugging M Files, System Progr...","['Matlab Simulink', 'Debugging', 'Data Flow', 'MATLAB', 'Algorithm Development', 'Unit Testing', 'Programming', 'Program']",2 Days Ago,N/A
Data Assistant,https://www.naukri.com/job-listings-data-assistant-maplecroft-hyderabad-secunderabad-0-to-3-years-020923500911,Maplecroft,0-3 Yrs,Not disclosed,Hyderabad/Secunderabad,Graduates with excellent communication skills Good understanding and hands on experienc...,"['Basic', 'Relationship', 'Agile', 'Data processing', 'Data quality', 'Advanced Excel', 'Research', 'Continuous improvement']",1 Day Ago,N/A
Software Engineer - Trainee M-Tech Freshers,https://www.naukri.com/job-listings-software-engineer-trainee-m-tech-freshers-mantra-technologies-hyderabad-secunderabad-0-to-2-years-070623009650,Mantra Technologies,0-2 Yrs,3-6 Lacs PA,Hyderabad/Secunderabad,M Tech Graduates only (2021 & 2022 passed - 70% aggregate) Showcase good analytical & e...,"['Angularjs', 'Vue.Js', 'UI', 'Javascript', 'React.Js', 'Application Programming', 'Analytical Skills', 'Saas Applications']",3 Days Ago,N/A
Data Entry Operator-whitefield,https://www.naukri.com/job-listings-data-entry-operator-whitefield-2coms-bangalore-bengaluru-bangalore-south-0-to-5-years-020923903336,2coms,0-5 Yrs,"50,000-2 Lacs PA","Bangalore/Bengaluru, Bangalore South",-should have basic knowledge to enter phonenumbers in the system. -ready to work in nig...,"['Data Enrty', 'Data', 'Data entry']",1 Day Ago,N/A
Applications Engineer,https://www.naukri.com/job-listings-applications-engineer-infineon-technologies-pvt-ltd-bangalore-bengaluru-0-to-1-years-020923500928,Infineon,0-1 Yrs,Not disclosed,Bangalore/Bengaluru,Experience with product certification (EMI\/EMC) and device validation isa plusGood art...,"['EMI', 'Analog', 'Circuit designing', 'Mixed signal', 'Customer interfacing', 'Debugging', 'EMC', 'Firmware']",1 Day Ago,N/A
Associate - Pricing intelligence,https://www.naukri.com/job-listings-associate-pricing-intelligence-avantor-coimbatore-tamil-nadu-0-to-5-years-010923005641,Avantor,0-5 Yrs,2-4.5 Lacs PA,"Coimbatore, Tamil Nadu","What Avantor looking for Education: Bachelor's or master's degree in data science, Comp...","['Insights', 'Data Analysis', 'Data Visualization', 'Pricing intelligence', 'Data Analytics', 'R', 'power bi', 'Dashboards']",2 Days Ago,N/A
Walk in MTech Chemical or B.Tech Chemical + MBA Freshers @ GlobalData,https://www.naukri.com/job-listings-walk-in-mtech-chemical-or-b-tech-chemical-mba-freshers-globaldata-globaldata-hyderabad-secunderabad-telangana-0-to-2-years-310823004058,Globaldata,N/A,3-3.75 Lacs PA,"Hyderabad/ Secunderabad, Telangana","Shift: Day Shift . Cab: No Good Working knowledge of Microsoft Word, Excel, and Outlook...","['petrochemical', 'MTech Chemical', 'Excel', 'Chemical']",3 Days Ago,N/A
Production and Quality Engineer,https://www.naukri.com/job-listings-production-and-quality-engineer-hr-h1-solution-chennai-0-to-5-years-030923002108,HR H1 Solution,0-5 Yrs,Not disclosed,Remote,Urgent requirement for immediate joiningB.E /ITI/DIPLOMA /AND ANY DEGREE2015 TO 2022 Ca...,"['New Product Development', 'Quality Control Management', 'Fabrication', 'PRODUCTION', 'CATIA', 'NPD', 'VMC', 'PYTHON']",Few Hours Ago,N/A
Network Engineer,https://www.naukri.com/job-listings-network-engineer-pace-stock-broking-services-pvt-ltd-gurgaon-gurugram-0-to-3-years-010923500415,Pace Stock Broking Services,0-3 Yrs,Not disclosed,Gurgaon/Gurugram,Engineering degree in Computer Science (preferred) or any other discipline with 0-3 yea...,"['Linux', 'Networking', 'Firmware', 'VLAN', 'CCNA', 'Troubleshooting', 'SSL', 'Technical support']",2 Days Ago,N/A
Engineer - Software & Application Development,https://www.naukri.com/job-listings-engineer-software-application-development-tata-communications-ltd-pune-0-to-4-years-010923500039,Tata Communications,0-4 Yrs,Not disclosed,Pune,We are looking for a great Java Spring Boot developer who is proficient with Spring Boo...,"['Computer science', 'Automation', 'Front end', 'GIT', 'Linux', 'RDBMS', 'Coding', 'Debugging']",2 Days Ago,N/A
Hiring Freshers Desktop & Networking Engineer,https://www.naukri.com/job-listings-hiring-freshers-desktop-networking-engineer-o-a-compserve-jehanabad-katihar-kishanganj-motihari-jamui-kaimur-bhabua-khagaria-gaya-gopalganj-0-to-0-years-070722003186,O A Compserve,0-0 Yrs,2.5-3 Lacs PA,"Jehanabad, Katihar, Kishanganj, Motihari, Jamui, Kaimur (Bhabua), Khagaria, Gaya, Gopalganj",Required Trainee BCA B.tech MCA BE only FreshersOnly WhatsApp your resume @ Windows Ser...,"['b tech fresher', 'bca', 'be', 'Processor', 'mca', 'HTML', 'java', 'Computer']",2 Days Ago,N/A
Exciting Opportunity For Freshers in BBSR For Data Entry Operator,https://www.naukri.com/job-listings-exciting-opportunity-for-freshers-in-bbsr-for-data-entry-operator-2coms-bhubaneswar-bhubaneswar-0-to-5-years-020923903751,2coms,0-5 Yrs,"50,000-2 Lacs PA","Bhubaneswar, Bhubaneswar",Night Shift Only Male candidates are preferable. . Benefits Under graduate & graduates ...,"['Data entry', 'Data', 'Data entry operation', 'Operating']",1 Day Ago,N/A
Data Entry Operator(bhubaneswar),https://www.naukri.com/job-listings-data-entry-operator-bhubaneswar-2coms-bhubaneswar-bhubaneswar-0-to-5-years-010923905848,2coms,0-5 Yrs,"50,000-2 Lacs PA","Bhubaneswar, Bhubaneswar",Candidate must be comfortable for Night Shift (10pm-7am)Candidate must be comfortable f...,"['Data Entry Operator', 'Operating', 'Data entry operation', 'Data', 'Data entry']",2 Days Ago,N/A
"Software Testing Trainee, Software Tester, Software Test Engineer",https://www.naukri.com/job-listings-software-testing-trainee-software-tester-software-test-engineer-quickxpert-infotech-mumbai-suburban-maharashtra-thane-navi-mumbai-maharashtra-kalyan-dombivli-maharashtra-mumbai-all-areas-0-to-5-years-021020000649,Quickxpert Infotech,0-5 Yrs,Not disclosed,"Mumbai Suburban, Maharashtra, Thane, Navi Mumbai, Maharashtra, Kalyan/ Dombivli, Maharashtra, Mumbai (All Areas)",Our client MarriageOnix is looking for Software Tester. Interested candidates can apply...,"['Software Testing', 'Software Tester', 'Software Testing Trainee', 'bsc it', 'testing', 'Electronics Engineering', 'Software Test Engineer', 'Electronics']",3 Days Ago,N/A
Network Operations Engineer(network Engineer) - Freshers,https://www.naukri.com/job-listings-network-operations-engineer-network-engineer-freshers-randstad-bangalore-bengaluru-0-to-1-years-250822001094,Randstad,0-1 Yrs,5-5.5 Lacs PA,Bangalore/Bengaluru(Domlur),Job description: . Any Education qualification (2018-2022) passout . work from office ....,"['networking', 'Linux', 'ccnp', 'CCNA', 'Operations', 'Network operations', 'Network engineering']",Today,N/A
Trainee Engineer (hospet),https://www.naukri.com/job-listings-trainee-engineer-hospet-2coms-bangalore-bengaluru-hospet-0-to-5-years-020923906390,2coms,0-5 Yrs,"50,000-3 Lacs PA","Bangalore/Bengaluru, Hospet",We are hiring for Diversity apprenticeship Trainee Engineer who will be responsible for...,"['Trainee Engineer', 'Training']",1 Day Ago,N/A
Fresher Trainee Engineer Diploma - Tumkur (karnataka),https://www.naukri.com/job-listings-fresher-trainee-engineer-diploma-tumkur-karnataka-2coms-bangalore-bengaluru-tumkur-0-to-5-years-010923906591,2coms,0-5 Yrs,"50,000-2 Lacs PA","Bangalore/Bengaluru, Tumkur",. Should have an ITI degree in (Chemical Engineering / Mechanical Engineering / Electri...,"['Trainee Engineer Diploma', 'Training']",2 Days Ago,N/A
Business Analyst,https://www.naukri.com/job-listings-business-analyst-kuddle-bangalore-bengaluru-0-to-3-years-020923000061,Kuddle,0-3 Yrs,6-9 Lacs PA,Bangalore/Bengaluru,"Requirements: . Proficiency in SQL, Python and spreadsheet toolsKnowledge of Google ana...","['SQL', 'Python', 'Google Sheets', 'Google Data Studio', 'Excel', 'Data Visualization', 'Google Cloud Services', 'Cloud']",1 Day Ago,N/A
Data Engineer,https://www.naukri.com/job-listings-data-engineer-imagegrafix-engineering-services-iges-chennai-tamil-nadu-0-to-2-years-010923006858,ImageGrafix Engineering Services (IGES),0-2 Yrs,Not disclosed,"Chennai, Tamil Nadu",Role & responsibilities Conversion of PDF File into excel formatPreferred candidate pro...,"['Excel', 'MS Office', 'MS ExcelWork', 'tableau', 'Office', 'Microsoft', 'Data', 'Data Engineering']",2 Days Ago,N/A
Training & Hiring For Full Stack Developer,https://www.naukri.com/job-listings-training-hiring-for-full-stack-developer-bbt-toppers-technologies-chennai-tamil-nadu-0-to-0-years-020923003470,BBT Toppers Technologies,0-0 Yrs,2-4.5 Lacs PA,"Chennai, Tamil Nadu","We are providing Training and placements in BBT TOPPERS TECHNOLOGIES , Chennai.Java ful...","['Java', 'fullstack development', 'CSS', 'Networking', 'testing', 'Web Application Development', 'HTML', 'Java Fullstack']",1 Day Ago,N/A
Software Quality Assurance Engineering Intern,https://www.naukri.com/job-listings-software-quality-assurance-engineering-intern-oyelabs-kolkata-mumbai-new-delhi-hyderabad-secunderabad-pune-chennai-bangalore-bengaluru-0-to-1-years-010923500540,Oyelabs,N/A,"10,000/month","Kolkata, Mumbai, New Delhi, Hyderabad/Secunderabad, Pune, Chennai, Bangalore/Bengaluru",N/A,[''],Starts in 1-3 months,6 months duration
Inside Sales Executive/It Sales/SaaS Sales/Software Sales,https://www.naukri.com/job-listings-inside-sales-executive-it-sales-saas-sales-software-sales-valuestream-business-solutions-vbs-bangalore-bengaluru-0-to-3-years-020923004276,Valuestream Business Solutions (VBS),N/A,1-5 Lacs PA,Bangalore/Bengaluru(Marathahalli),Technical Graduate background Must Tech-savvy and Proficient with MS Office Tools (Exce...,"['B2C Sales', 'Inside Sales', 'Saas Sales', 'Software Sales', 'IT Sales', 'Edtech', 'Sales', 'B2C']",1 Day Ago,N/A
Stem Instructor,https://www.naukri.com/job-listings-stem-instructor-ace-creative-learning-bangalore-rural-karnataka-bangalore-bengaluru-0-to-5-years-310823006488,Ace Creative Learning,0-5 Yrs,Not disclosed,"Bangalore Rural, Karnataka, Bangalore/Bengaluru",Experience: 1 to 5 years of experience. . Qualification: Any Graduate with Experience i...,"['ATL Labs Trainer', 'STEM Lab Teacher', 'STEM Lab Trainer', 'ATL Tinkering Instructor', 'STEM Instructor', 'Rasberry Pi', 'Ardino', 'Tinkerning']",3 Days Ago,N/A
Electrical Engineer Fresher | Trainee | Graduate Engineer,https://www.naukri.com/job-listings-electrical-engineer-fresher-trainee-graduate-engineer-m-s-indicomet-geoscience-hyderabad-secunderabad-bangalore-bengaluru-delhi-ncr-0-to-0-years-190723010174,M/S Indicomet Geoscience,0-0 Yrs,2.25-3.75 Lacs PA,"Hybrid - Hyderabad/Secunderabad, Bangalore/Bengaluru, Delhi / NCR",We are seeking a passionate & creative Trainee - Electrical Engineer Fresher for one of...,"['EEE', 'B.Tech', 'electric vehicle', 'Fresher', 'Electrical Engineering', 'EE', 'Electrical Maintenance', 'PCB Designing']",2 Days Ago,N/A
Search Engine Engineer-Bangalore and Mysore-DoP,https://www.naukri.com/job-listings-search-engine-engineer-bangalore-and-mysore-dop-national-institute-for-smart-government-nisg-mysore-mysuru-karnataka-bangalore-bengaluru-0-to-5-years-010923007496,National Institute for Smart Government (NISG),0-5 Yrs,Not disclosed,"Mysore/ Mysuru, Karnataka, Bangalore/Bengaluru",5 years of demonstrated experience in any one Search Engine prefable is Apache Solr Det...,"['Apache Solr', 'Searching', 'Solr', 'Apache', 'Engine', 'Search engine']",2 Days Ago,N/A
Junior Project Executive (Engineer),https://www.naukri.com/job-listings-junior-project-executive-engineer-india-optel-limited-dehradun-uttarakhand-0-to-0-years-010923006078,India Optel Limited,0-0 Yrs,5.5-6 Lacs PA,"Dehradun, Uttarakhand",Applicants are requested to forward the application only as per detailed advertisementC...,"['deciphering electrical and electronic circuits', 'handling of electronic components', 'programming', 'Handling', 'Electronic components', 'Components', 'Electricals', 'Circuits']",2 Days Ago,N/A
Data Entry Operator (Female),https://www.naukri.com/job-listings-data-entry-operator-female-universal-agency-erode-tamil-nadu-0-to-2-years-310823006057,Universal Agency,0-2 Yrs,1.25-1.5 Lacs PA,"Erode, Tamil Nadu",Job Description:* Candidate should have good numerical ability and quickly responsive* ...,"['Data Entry', 'data entry operation', 'excel', 'computer operating', 'accounting', 'accounting entries', 'Computer', 'Data']",3 Days Ago,N/A
Software Engineer Intern Frontend (React Native),https://www.naukri.com/job-listings-software-engineer-intern-frontend-react-native-impact-analytics-kolkata-mumbai-new-delhi-hyderabad-secunderabad-pune-chennai-bangalore-bengaluru-0-to-2-years-310823501609,Impact Analytics,N/A,Unpaid,"Kolkata, Mumbai, New Delhi, Hyderabad/Secunderabad, Pune, Chennai, Bangalore/Bengaluru",N/A,[''],Starts in 1-3 months,No fixed duration
Software Development Engineer in Test I,https://www.naukri.com/job-listings-software-development-engineer-in-test-i-unicard-technologies-pvt-ltd-bangalore-bengaluru-0-to-2-years-310823500152,Unicard Technologies,0-2 Yrs,Not disclosed,Bangalore/Bengaluru,". Proficient in computer operating systems suchas Mac, Linux, and Windows . Troubleshoo...","['Administration Manager', 'endpoint security', 'Linux', 'Operating systems', 'Networking', 'Windows', 'WiFi', 'Troubleshooting']",3 Days Ago,N/A
Project Engineer ( Mechanical/Electrical ),https://www.naukri.com/job-listings-project-engineer-mechanical-electrical-delhivery-bhiwandi-maharashtra-gurgaon-gurugram-haryana-0-to-5-years-250723007222,Delhivery,0-5 Yrs,Not disclosed,"Bhiwandi, Maharashtra, Gurgaon/ Gurugram, Haryana",Role & responsibilities: - Looking after PAN India automation equipment including Sorte...,"['Automation', 'Automation Systems', 'Predictive Maintenance', 'Preventive Maintenance', 'machine support', 'Machine Maintenance', 'Mechanical Engineering', 'engineering']",2 Days Ago,N/A
Walk in Drive For Freshers 2023 - Non Engineering Graduates,https://www.naukri.com/job-listings-walk-in-drive-for-freshers-2023-non-engineering-graduates-hcltech-chennai-0-to-0-years-200823001333,HCLTech,N/A,Not disclosed,Chennai(Sholinganallur),"Openness to work flexible hours as required, including night shiftsSHIFT TIMINGS: Night...","['Freshers', 'Procurements', 'procurement', 'customer service', 'Supply Chain Management', 'scm', 'communication skills', 'Supply chain']",1 Day Ago,N/A
Diploma Engineer Trainee,https://www.naukri.com/job-listings-diploma-engineer-trainee-schindler-chennai-0-to-2-years-071022016058,Schindler,0-2 Yrs,Not disclosed,Chennai,- Propose sale of spare parts as and when situation demands. . - Co-ordinate with the F...,"['Service Maintenance', 'Service Engineering', 'Maintenance Engineering', 'Customer Engineering', 'maintenance', 'Training', 'Engineering', 'Servicing']",2 Days Ago,N/A
Trainee Engineer (shendra),https://www.naukri.com/job-listings-trainee-engineer-shendra-2coms-aurangabad-aurangabad-0-to-5-years-020923906387,2coms,0-5 Yrs,Not disclosed,"Aurangabad, Aurangabad",Looking for Female Candidate who is graduated in ChemicalEngineering / Electrical Engin...,"['Fresher', 'Training']",1 Day Ago,N/A
Trainee Engineer (bhilai),https://www.naukri.com/job-listings-trainee-engineer-bhilai-2coms-jamshedpur-arang-0-to-5-years-020923903312,2coms,0-5 Yrs,"90,000-3 Lacs PA","Jamshedpur, Arang",Looking for Female Candidate who is graduated in ChemicalEngineering / Electrical Engin...,"['Trainee Engineer', 'Training']",1 Day Ago,N/A
Hiring Trainee Engineer(female ) - Coimbatore,https://www.naukri.com/job-listings-hiring-trainee-engineer-female-coimbatore-2coms-coimbatore-coimbatore-south-0-to-5-years-020923903237,2coms,0-5 Yrs,"50,000-2 Lacs PA","Coimbatore, Coimbatore South",We are hiring fresher females for a leading multinational transportation manufacturing ...,"['Quality', 'Production', 'Assembly', 'Training', 'Hiring']",1 Day Ago,N/A
Fresher Trainee Engineer - Bhadrachalam (telangana),https://www.naukri.com/job-listings-fresher-trainee-engineer-bhadrachalam-telangana-2coms-nizamabad-bhadrachalam-0-to-5-years-010923904135,2coms,0-5 Yrs,"50,000-3 Lacs PA","Nizamabad, Bhadrachalam",Looking for Female Candidate who is graduated in Chemical Engineering / Mechanical Engi...,"['trainee engineer', 'Training']",2 Days Ago,N/A
Associate Engineer,https://www.naukri.com/job-listings-associate-engineer-m-s-orange-business-services-gurgaon-gurugram-0-to-3-years-010923501774,Orange Business Services,0-3 Yrs,Not disclosed,Gurgaon/Gurugram,"Must have experience in Software development / test management tools : JIRA / XRay, Con...","['Maven', 'Postgresql', 'Test management', 'MySQL', 'Agile', 'Application development', 'Oracle', 'JIRA']",2 Days Ago,N/A
Supplier Quality Engineer (SQE - Mechanical Systems) - Rolling Stock,https://www.naukri.com/job-listings-supplier-quality-engineer-sqe-mechanical-systems-rolling-stock-siemens-limited-gurgaon-gurugram-0-to-8-years-010923501696,Siemens,0-8 Yrs,Not disclosed,Gurgaon/Gurugram,. Graduatein Mechanical Engineering . Shouldhave at least 5-8 years experience in suppl...,"['Supply chain', 'Product quality', 'EHS', 'Automation', 'Quality systems', 'ASNT', 'Process improvement', 'HTML']",2 Days Ago,N/A
QA Engineer,https://www.naukri.com/job-listings-qa-engineer-adani-group-gurgaon-gurugram-haryana-0-to-2-years-010923003905,Adani Group,0-2 Yrs,Not disclosed,"Gurgaon/ Gurugram, Haryana",Should have 1-2 years of experience on and around manual / functional testing Should be...,"['QA', 'QA Testing', 'Clickup', 'automation', 'Qa Manual', 'bugzilla', 'jira', 'Quality assurance']",2 Days Ago,N/A
Sr. Engineer - Technology Development Optimus Corporate IT,https://www.naukri.com/job-listings-sr-engineer-technology-development-optimus-corporate-it-tata-communications-ltd-chennai-0-to-4-years-010923500907,Tata Communications,0-4 Yrs,Not disclosed,Chennai,"Hands on SQL / Core Java Programming skills, Good experience in J2EE programming framew...","['Hibernate', 'Core Java', 'Automation', 'Tomcat', 'Web services', 'JBoss', 'XML', 'J2Ee']",2 Days Ago,N/A
Mechanical Production Engineer,https://www.naukri.com/job-listings-mechanical-production-engineer-trident-dispatch-hyderabad-secunderabad-jaipur-0-to-1-years-310823903433,Trident Dispatch,0-1 Yrs,Not disclosed,"Hyderabad/Secunderabad, Jaipur",• Operate production line.• Assemble goods on production department.• Sorting & packagi...,"['Production Engineering', 'Mechanical', 'Operations', 'goods production', 'Production', 'Engineering']",3 Days Ago,N/A
EXECUTIVE I - PLANT ENGINEERING KASNA,https://www.naukri.com/job-listings-executive-i-plant-engineering-kasna-asian-paints-limited-greater-noida-0-to-3-years-310823006103,Asian Paints,0-3 Yrs,Not disclosed,Greater Noida,Description: Ensuring the smooth Procurement process of Engineering Spares & Consumable...,"['planning engineering', 'inventory control', 'project management', 'sap', 'production', 'project scheduling', 'ms project', 'costing']",3 Days Ago,N/A
"Sales & Service Engineer (Male Only)- Hyd, UP & Ahmedabad Locations",https://www.naukri.com/job-listings-sales-service-engineer-male-only-hyd-up-ahmedabad-locations-elico-healthcare-services-lucknow-uttar-pradesh-0-to-1-years-050419008824,Elico Healthcare Services,N/A,Not disclosed,"Lucknow, Uttar Pradesh","Experience: Fresher OnlyDiploma(ECE / EIE) only, no B Tech. Should have decent communic...","['service engineering', 'ECE', 'EEE', 'sales&services', 'manufacturing', 'Electronics', 'electrical', 'instrumentation']",Just Now,N/A
